mfcc_1,mfcc_2,mfcc_3,mfcc_4,mfcc_5,mfcc_6,mfcc_7,mfcc_8,mfcc_9,mfcc_10,mfcc_11,mfcc_12,target
56.93180465698242,5.738821029663086,18.69091033935547,15.72752571105957,-6.5149970054626465,7.616232872009277,4.76721715927124,-2.134549617767334,0.5383541584014893,-6.486433982849121,0.6979988813400269,-5.794820785522461,speaker
