mfcc_1,mfcc_2,mfcc_3,mfcc_4,mfcc_5,mfcc_6,mfcc_7,mfcc_8,mfcc_9,mfcc_10,mfcc_11,mfcc_12,target
117.44877624511719,53.68345642089844,25.92181396484375,10.581304550170898,12.423537254333496,20.243608474731445,12.336929321289062,8.056601524353027,7.492941379547119,-0.8043127059936523,5.187781810760498,-3.1498284339904785,speaker
