mfcc_1,mfcc_2,mfcc_3,mfcc_4,mfcc_5,mfcc_6,mfcc_7,mfcc_8,mfcc_9,mfcc_10,mfcc_11,mfcc_12,target
62.426795959472656,4.753787040710449,-1.4323607683181763,-29.805580139160156,10.233682632446289,-6.347456455230713,-11.491065979003906,-9.016999244689941,0.4076143205165863,-12.228898048400879,-8.035475730895996,-12.798687934875488,shiragami
