mfcc_1,mfcc_2,mfcc_3,mfcc_4,mfcc_5,mfcc_6,mfcc_7,mfcc_8,mfcc_9,mfcc_10,mfcc_11,mfcc_12,target
144.20469665527344,37.91645812988281,9.904754638671875,14.696490287780762,-9.620258331298828,-6.110067367553711,-1.416698932647705,-8.636406898498535,-13.721612930297852,-8.250295639038086,-1.4360514879226685,-2.1393542289733887,speaker
