mfcc_1,mfcc_2,mfcc_3,mfcc_4,mfcc_5,mfcc_6,mfcc_7,mfcc_8,mfcc_9,mfcc_10,mfcc_11,mfcc_12,target
62.42680358886719,4.753780364990234,-1.4323650598526,-29.805583953857422,10.233680725097656,-6.347460746765137,-11.491067886352539,-9.01700210571289,0.4076134264469147,-12.228899955749512,-8.035477638244629,-12.798694610595703,speaker
