mfcc_1,mfcc_2,mfcc_3,mfcc_4,mfcc_5,mfcc_6,mfcc_7,mfcc_8,mfcc_9,mfcc_10,mfcc_11,mfcc_12,target
117.44877624511719,53.68346405029297,25.92181968688965,10.581305503845215,12.42353630065918,20.243608474731445,12.336931228637695,8.056604385375977,7.492937088012695,-0.8043107390403748,5.187778949737549,-3.14982533454895,speaker
