mfcc_1,mfcc_2,mfcc_3,mfcc_4,mfcc_5,mfcc_6,mfcc_7,mfcc_8,mfcc_9,mfcc_10,mfcc_11,mfcc_12,target
126.34320068359375,-0.44993287324905396,6.783942222595215,12.31329345703125,-6.883010387420654,-6.313216686248779,-0.27818039059638977,-6.242934703826904,-10.847094535827637,-1.1561121940612793,-3.1947522163391113,-9.596263885498047,speaker
