mfcc_1,mfcc_2,mfcc_3,mfcc_4,mfcc_5,mfcc_6,mfcc_7,mfcc_8,mfcc_9,mfcc_10,mfcc_11,mfcc_12,target
84.96843719482422,23.806793212890625,18.26256561279297,21.86561393737793,10.309213638305664,11.961331367492676,6.251908302307129,5.002658367156982,1.5996283292770386,3.0376675128936768,-0.5037732124328613,0.6126136183738708,speaker
