mfcc_1,mfcc_2,mfcc_3,mfcc_4,mfcc_5,mfcc_6,mfcc_7,mfcc_8,mfcc_9,mfcc_10,mfcc_11,mfcc_12,target
33.96620559692383,2.227963924407959,7.826822757720947,7.835132598876953,3.653615951538086,1.5589748620986938,6.190659046173096,-3.2837467193603516,0.9876617789268494,4.699026107788086,1.715412974357605,-0.3238988220691681,文字列行ける？
