mfcc_1,mfcc_2,mfcc_3,mfcc_4,mfcc_5,mfcc_6,mfcc_7,mfcc_8,mfcc_9,mfcc_10,mfcc_11,mfcc_12,target
94.19112396240234,20.67789077758789,19.75128746032715,13.149874687194824,-0.2406175285577774,-2.77538800239563,2.2465665340423584,-11.791593551635742,-9.727046012878418,-2.5830719470977783,-2.035252809524536,-8.260069847106934,speaker
