mfcc_1,mfcc_2,mfcc_3,mfcc_4,mfcc_5,mfcc_6,mfcc_7,mfcc_8,mfcc_9,mfcc_10,mfcc_11,mfcc_12,target
30.86896514892578,-12.036714553833008,-8.290850639343262,-2.723607301712036,-1.1259430646896362,-1.2156627178192139,-11.30720043182373,-5.55224084854126,-2.511564254760742,-5.492855072021484,-4.070405006408691,1.232604742050171,speaker
