mfcc_1,mfcc_2,mfcc_3,mfcc_4,mfcc_5,mfcc_6,mfcc_7,mfcc_8,mfcc_9,mfcc_10,mfcc_11,mfcc_12,target
98.47611999511719,14.864879608154297,9.602123260498047,7.160009860992432,3.8279738426208496,-0.28393039107322693,2.2098991870880127,-4.3251953125,-3.5513722896575928,-6.042893409729004,-5.166051387786865,-0.42369335889816284,speaker
