mfcc_1,mfcc_2,mfcc_3,mfcc_4,mfcc_5,mfcc_6,mfcc_7,mfcc_8,mfcc_9,mfcc_10,mfcc_11,mfcc_12,target
85.27143096923828,16.23671531677246,-0.745410680770874,4.2677764892578125,-0.2822894752025604,-2.255182981491089,0.7164698243141174,-3.5056729316711426,-3.2880125045776367,-1.5881314277648926,-0.4011475145816803,1.6267948150634766,speaker
